IAB ID,COMPANY NAME,EMAIL,NAME OF PROPRIETOR/ PARTNER/ DIRECTOR(s) & DESIGNATION:,FULL TIME TECHNICAL PERSONNEL OF THE FIRM/COMPANY:,OFFICE ADDRESS,Rating,WEBSITE
IAB-RP-W01,ABASHAN UPODESHTA LIMITED (Est-1996), mail@abashan.com,Ar. Luva Nahid Chowdhury (C-018) Managing Director,3 2 Total 5," Bengal Centre, Plot 2, Civil Aviation, New Airport Road, Khilkhet, Dhaka-1229",4.7, www.4wallsbd.com
IAB-RP-V07,ADS ARCHITECTS DESIGN STUDIO (Est-2005), ads.architectstudio@gmail.com Contact: +88-02-8950536,Ar. Md. Sayedul Hasan (H-103) Principal Architect,4 1 Total 5," House#29-31, Road#18, Sector#7, Uttara , Dhaka 1230",4.4, www.vitti.com.bd
IAB-RP-V06,AKRITY (Est-2008)," akriti.si@gmail.com,",Ar. Monir Hossain Khan (K-104) Architect,1 7 Total 8," House-10/GA (GF), Road-2, Shyamoli, Dhaka",4.7,
IAB-RP-V05,ANWAR & ASSOCIATES (Est-25/01/2006), ahaq06@yahoo.com Contact: +88-02-8837313,Ar. Anwarul Haq Chow (C-021) Principal Architect,1 3 Total 4," House #221(GF), Road -15, New DOHS, Mohakhali, Dhaka 1206.",4.8, www.vuumaatra.com
IAB-RP-V04,AYOTEEK (Est-2016)," arc.architect@gmail.com, nahaskhalil@yahoo.com",Ar. Nahas Ahmed khalil (K-022) Principal Architect,5 3 Total 8," 60A, Road 7A, Dhanmondi, Dhaka-1209",4.6, www.volumezeroltd.com 
IAB-RP-V03,ARC ARCHITECTURAL CONSULTANTS (Est-1982)," archdoers@gmail.com Contact: 01816506988, 01816506989",Ar. Quazi Fahima Naz (N-024) Partner Architect & Ar. Subrata CH.Sikder (S-112) Partner Architect,3 2 Total 5," H#252,R#19(old),West Dhanmondi,Dhaka-1209",4.7,http://www.delvistaa.com/
IAB-RP-V02,ARCHDOERS (Est-2012)," studio@archeground.com, arche_ground@yahoo.com",Ar. Nabi Newaz Khan (K-106) Chairman & Ar. Lutfullahil Majid (M-076) Managing Director & Ar. Md. Jubair Hasan (H-163) Director,6 3 Total 9," “NoorMahal”, 44/1, Lake-Circus, Kalabagan, Dhaka-1205",4.6,
IAB-RP-V01,ARCHEGROUND LTD. (Est-2012)," archfield2010@gmail.com Contact: 01713338002, 01819117710",Ar. Syeda Nitee Mahbub (M-090) Partner & Ar. Wares-Ul-Ambia (A-145) Partner,4 1 Total 05," 32/D, Road-10, Banani",3.8,
IAB-RP-U02,ARCHFIELD (Est-2010), cmfoundation@gmail.com Contact: +88-02-8125830,Ar. Md. Hasan Shams Uddin (S-014) Managing Director,1 5 Total 6," House# 1/4,Flat# C4,Block# C, Lalmatia, Dhaka-1207",4.7,
IAB-RP-U01,ARCHITECT HASAN & ASSOCIATES LTD. (Est-02/04/1998)," sazal953@gmail.com Contact: 044-78004350, 044-78004353",Ar. S.M. Helaluddin Ahmed (A-101) Proprietor,3 1 Total 4," House-2/8, Block-E, Lalmatia, Dhaka",4.3,
IAB-RP-U01,ARCHITECT HASAN & ASSOCIATES LTD. (Est-02/04/1998), archiworks.bd@hotmail.com,Ar. Mohammad Arefeen Ibrahim (I-047) Proprietor,4 2 Total 6," House-48, Road-02, Block-B, Niketan, Gulshan 01, Dhaka-1212",4.8, www.triotect.com.bd
IAB-RP-T04,ARCHITECTES CONTEMPORAIN (ARCON) (Est-1996), mail@archsel.com,Ar. Imtiaz Farid Chowdhury(C-036) Chief Architect,2 6 Total 8," 34/KA, Shyamoli Pisiculture H/S, Dhaka-1207",4.7, www.thalbd.com 
IAB-RP-T03,ARCHIWORKS CONSULTANTS (Est-2009), arescon@gmail.com Contact: +88-02-8151121,Ar. Md. Helal Uddin (U-006) CEO/Proprietor,1 4 Total 5," 137-Jahanara Garden, 5th Floor, E-4, Green Road, Dhaka-1205",4.5, www.tknrk.com 
IAB-RP-T02,ARCHSEL (Est-1997), info@artisanbd.com,Ar. Sayeed Parvez Reza Latif (L-007) Managing Director,1 5 Total 6," 56/A, DOHS Road, Old DOHS, Banani, Dhaka-1206",,
IAB-RP-T01,ARESCON CONSULTANT (Est-2004), artyspace.designstudio@gmail.com Contact: +88-031-2867388,Ar. Ananya Bikash Barua (B-040) Chief Architect,1 4 Total 5," Azad Bhaban (7th Floor), 79/A, Jamal Khan Road, Chittagong, Bangladesh",,
IAB-RP-S22,ARTISAN ARCHITECTS ENGINEERS & DEVELOPMENTS LTD. (Est- )," ahaaabd17@gmail.com, ashraf303@yahoo.com Contact: +88016179672992, +8801727672992",Ar. Ashraful Alam Ahmed (A-182) Principal Architect,3 3 Total 5," House-10, 2nd Floor, Road-03, Sector-05, Uttara, Dhaka 1230.",5, www.studiomorphogenesis.com
IAB-RP-S21,ARTYSPACE DESIGN STUDIO (Est-2010), hossan_0047@yahioo.com,Ar. Hossan Murad (M-084) CEO & Proprietor,2 2 Total 4," House-14, Road-14, 1/Kha, Sugandha, Panchlish, Chittagong.",4.4,
IAB-RP-S20,AHMED HOSSAIN ARCHITECTS AND ASSOCIATES (Est-2009), arcindexind@gmail.com Contact: +88-02-9890855,Ar. Nusrat Jahan (J-016) Managing Director,1 0 Total 1," 25, Gulshan Avenue, Taj Casilina (5th Floor), 6/E, Gulshan-1, Dhaka-1212",4.5, www.systemarchitectsbd.com 
IAB-RP-S19,ALIGN ARCHITECTS (Est-2010)," masiarchitect@gmail.com, arch.pmc.bd@gmail.com",Ar. Mohammad Sajjadul Islam (I-075) Principal Architect & CEO,1 0 Total 1," Plot-22, Road-12, Block-F, Niketan, Gulshan-1, Dhaka-1212",4.5, www.studiodhaka.com 
IAB-RP-S18,ARC.IN.D (Est-1996), archiaan07@gmail.com Contact: +8801679224304,Ar. Shohel Ahamed (A-180) Managing Partner,1 0 Total 1," 14, KA, Ring Road, Khan Plaza, 3rd Floor, Shamoly, Dhaka",5, www.studiodhakaarchitects.com 
IAB-RP-S17,ARCH.PMC (Est-2018), archinet2008@gmail.com Contact: +8801712228469,Ar. Iftekhar Ahmed (A-143) Principal Architect & CEO,3 0 Total 3," House-33, Road-04, Dhanmondi, Dhaka-1205",5, www.sthapotik.com 
IAB-RP-S16,ARCHIAAN ARCHITECTS (Est-2014)," architekton_bd@yahoo.com, minhas.rahman@architekton.com.bd , Contact: +88-02-9862930, +8801711520963",Ar. Minhasur Rahman (R-044) Managing Director & Ar. Fuad Hassan Mallick (M-012) Share Holder,2 5 Total 7," House-28, Road-28, Block-K, Banani, Dhaka-1213",4.9, www.spacearcht.com
IAB-RP-S15,ARCHINET ARCHITECTS & ENGINEERS (Est-2010), samabegum@gmail.com Contact: +8801716897632,Ar. Salma Begum (B-044) Architect,3 0 Total 03," 151, West Dhanmondi, Dhaka-1209",4.5, www.shatottogreen.com 
IAB-RP-S14,ARCHITEKTON (PVT.) LTD. (Est-1995), archytas.s@gmail.com,Ar. Zahidul Hoque Shaikot (S-135) Managing Director,1 Total 1," Road-36, House-16, Gulshan-2, Dhaka 1212.",,
IAB-RP-S13,ARCHSTUDIO (Est-2018), faiahsa@gmail.com Contact: +880241021810,Ar. Fariha Sharmeen Akbar (A-198) Proprietor,4 2 Total 6," Lake Palisade, House 23, Level 02, Road 27, Dhanmondi, Dhaka 1209",4.7,http://synthesisarchitectsltd.com/
IAB-RP-S12,ARCHYTAS LIMITED (Est-2014), mail@arquitecturabd.com,Ar. Fariha Sharmeen Akbar (A-198) Chairman & Ar. Md. Shafiul Azam Shamim (S-127) Managing Director,6 2 Total 8," Lake Palisade, House 23, Level 02, Road 27, Dhanmondi, Dhaka 1209",,
IAB-RP-S11,ARQUITECTURA DESIGN STUDIO(Est- 2015)," kasif@ayoteek.com, ayoteek@gmail.com Contact: +88-02-9882689, +8801712511535",Ar. Muhammed Kasif Hasnaen (H-172) Managing Partner,2 3 Total 5," House-B 115, 4th Floor, Lane-7,DOHS, Mohakhali, Dhaka 1206",4.3, www.stylelivingbd.com 
IAB-RP-S10,ARQUITECTURA (PVT.) LTD. (Est-2017)," zaman_arch1122@yahoo.com Contact: +88-02-8080884, +8801716526915",Ar. Mohammad Saifuzzaman (S-111) Principal Architect & Managing Director,2 2 Total 4," House-730 (Ground Floor), Road-10, Avenue-3/4, DOHS, Mirpur, Dhaka",,
IAB-RP-S09,AYOTEEK (Est-2016)," helal201@hotmail.com, arescon1984@gmail.com Contact: +88-02-8151121, +8801713037260",Ar. Md. Helal Uddin (U-006) Principal Architect,2 1 Total 3," 137, Jahanara Garden, Green Road, 5th Floor, Dhaka-1205",3, www.studioecotecture.com 
IAB-RP-S08,ARCHITECTURE TOMORROW (Est-2013)," biplob.azone@gmail.com Contact: +88-02-55098138, +8801755599208",Ar. Biplob Kumar Mondal (M-116) Founder & Lead Architect,3 Total 3," House-05, Road-14, Nikunja2, Khilkhat, Dhaka-1229",4.7,
IAB-RP-S07,ARESCON CONSULTANT (Est-2004)," assoconbangla@yahoo.com Contact: +88-02-9004662, +88-02-9004663",Ar. Mubasshar Hussain (H-013) Managing Director,2 Total 2," 849/3, Begum Rokeya Sharani, 2nd Floor, Shewrapara, Mirpur, Dhaka-1216",,
IAB-RP-S06,ARCHITECTS’ HORIZON (Est-2017), aupee0061@gmail.com Contact: +88 01815258257,Ar. Mohammad Mahbub Hossain (H-149) Managing Partner & Ar. Nusrat Sumaiya (S-118) Managing Partner,4 0 Total 4," House-60/A, Road-7/A, Dhanmondi R/A, Dhaka-1209",,
IAB-RP-S05,ASSOCONSULT LTD. (Est-1985)," arch@aaaltd.com.bd Contact: +88 01758742536, +88 02-47215613",Ar. Mahbubul Hasan (H-209) Principal Architect,Total," Plot no-NEO/16, Block-C, Holding no-730, Khilgaon, Dhaka",,
IAB-RP-S04,AURITRO ARCHITECTS (Est-2014), archiworks.bd@hotmail.com Contact: +88 01715035772,Ar. M. Arefeen Ibrahim (I-047) Principal Architect,Total," House-48, Road-02, Block-B, 1st Floor, Niketan R/A, Gulshan-1, Dhaka-1212",4.3, www.silt.com.bd 
IAB-RP-S03 B,ARCHITECTS & ASSOCIATES LTD (Est-), emun97@gmail.com Contact: +88 01711829295,Ar. Md. Momanul Islam Emun (E-008) Principal Architect,03 Total 03," House-60/A, Road-7/A, Dhanmondi, Dhaka-1216",,
IAB-RP-S03 A,ARCHIWORKS CONSULTANTS (Est-2009), emun97@gmail.com Contact: +88 01711829295,Ar. Nahas Ahmed Khalil (K-022) Partner & Ar. Md. Momanul Islam Emun (E-008) Partner,04 Total 04," House-60/A, Road-7/A, Dhanmondi, Dhaka-1216",,
IAB-RP-S02,ANGON ARCHITECTS (Est-2017)," asfar@global?bd.net,",Ar. Asfarul Islam (I?020) Proprietor,1 6 Total 7," 70/1 Naya Paltan, VIP Road, Dhaka?1000",,
IAB-RP-S01,ARC ANGON CONSORTIUM (Est-2017), tariqul@bestecgroup.com Contact: 09611689575?6,Ar. Tariqul Islam (I?028) Proprietor,5 15 Total 20," House?02, Road?14/A, Sector?4, Uttara Model Town, Dhaka?1230",5,
IAB-RP-R08,BASATIKALPA (Est?1988), rahat.niaz@gmail.com,Ar. Rahat Mujib Niaz (N?029) Principal Architect & Ar.Faisal Billah (B?034) Architect Partner,7 9 Total 16," House?480, Road?32, New DOHS, Mohakhali, Dhaka?1206",4.5, www.riverandrain.net
IAB-RP-R07,BESTEC INFOTECH (Est?2013), marathon_architects@yahoo.com,Ar. Bidhan Kumar Saha (S?062) Proprietor,2 3 Total 5," House?07, Road?05, Apt?5B, Block?I, Banani, Dkaka?1213",5,
IAB-RP-R06,BINYASH (Est?2005)," babuibasha@gmail.com Contact: +8801711593658, 8801713453239",Ar. Ruksana Sultana (S?155) Principal,2 2 Total 4," The Emporium, D?05, 14/1, Mirpur Road, Shyamoli, Dhaka?1207",4.9, www.roofliners.org
IAB-RP-R05,BKS & ASSOCIATES (Est?2008), contact@37bridge.net,Ar. Faysal Kabir (K?108) Principal Architect,2 2 Total 4," 138, Darus Salam, Mirpur, Dhaka",4.8, www.reincarnation?bd.com 
IAB-RP-R04,BABUIBASHA: A SUSTAINABLE ARCHITECTURE. (Est?2013), bashabari.architects@gmail.com Contact: +88?01711534290,Ar. Dr. Prof. Nizamuddin Ahmed (A?040) Managing Director,2 1 Total 3," 3 rd Floor, 332, Elephant Road, Dhaka?1205",,
IAB-RP-R03,37 BRIDGE (Est?2009)," cadinan@gmail.com, cadsayeda@gmail.com Contact: +8801671119933",Ar. B.K.S. Inan (I?015) Managing Director & Ar. Sayeda Sultana (S?017) Director,7 0 Total 7," CWN (B), 18/B, Road?44, Gulshan?2, Dhaka?1212",,
IAB-RP-R02,BASHA BARI LTD. (Est?2012), cocreate@suvastu.com.bd Contact: +8801819272915,Ar. Nazmul Haque Khan (K?056) Managing Partner,1 0 Total 1," 65, Suvastu Imam Square, 5th Floor, Gulshan Avenue, Gulshan?1, Dhaka?1212",,
IAB-RP-R01,CAD LTD (Est?1986), cubeinside@gmail.com,Ar. Khandaker Ashifuzzaman (A?194) Managing Director & Ar. Ahmed Firoj Ul Hoque (H?213) Chairman & Ar. Shakhawat Hossain (H?216) Director,7 3 Total 10," House?5B, Road?05, Block?I, Banani, Dhaka?1213",,
IAB-RP-P04,COCREATE STUDIO (Est?2018)," munirullah@gmail.com, alfaz.hossain1@gmail.com",Ar. Munirul Haque (H?011) Managing Director & Ar. Alfaz Hossain (H?003) Director,2 17 Total 19," House 80/C (4th floor), Block?D, Asad Avenue, Mohammadpur, Dhaka?1207",4.5, www.pronayon.com 
IAB-RP-P03,CUBEINSIDE DESIGN LTD. (Est?2009), designcell.cell@gmail.com Contact: +88?02? 8150612,Ar. Arif Hasan (H?136) CEO,1 3 Total 4," 75 Indera Road, Metro Garden, Ground Floor, Flat?GC, Dhaka?1215",3.8, www.pulbd.com 
IAB-RP-P02,DESH UPODESH LTD(Est?1978), tjl_slm@yahoo.com Contact: +88?02?9886055,Ar. Tajul Islam (I?019) Managing Director,2 7 Total 9," House?14, Road?9, Sector?4, Uttara",4.8, www.profilelimited.com 
IAB-RP-P01,DESIGN CELL (Est? ), info@designvision.com.bd,Ar. Alamgir Jalil (J?014) Managing Director & Ar. Shamina Reza Ava (CA?020) Chairman,7 5 Total 12," AAA Tower, Plot?80, Block?J, baridhara pragati Sharani, Dhaka?1212",, www.pracheesthapati.com 
IAB-RP-O01,DESIGN ENGINEERS & ARCHITECTS (Est?1992)," domus@accesstel.net , domusdesk@gmail.com",Ar. Mustafa Ameen (A?010) Proprietor,6 12 Total 18," Safura Tower(level 14), 20 Kamal Atartuk Avenue,Banani C/A, Banani ,Dhaka 1213",5, www.olimahmud.com 
IAB-RP-N03,DESIGN VISION ASSOCIATES LTD (Est?1998)," dcon.design@gmail.com, faisal2395@hotmail.com Contact: : +8801711614551",Ar. Abu Anas Faisal (F?012) Partner,3 3 Total 6," 6/10, 1st Floor, Lalmatia, Block?A, Dhaka",4.3, www.nakshabid.com
IAB-RP-N02,DOMUS (Est?may 1977), rashed@dehsarworks.com,Ar. Rashed Hassan Chowdhury (C?069) Principal Architect,4 5 Total 9," Apt?LV8, House?10, Road?6/A, Dhanmondi R/A, Dhaka?1209",,
IAB-RP-N01,DCON DESIGN STUDIO (Est?2005)," fairoze@diagonalarchitects?bd.com Contact: +88?02?9126473, 8801766490119",Ar. Fairoze Shamim (S?067) CEO & Principal Architect,1 2 Total 3," Flat?A?14, (14 th Floor), Building?12, Bashati Provati, Ring Road, Shyamoli, Dhaka?1207.",4.4, www.nayreetarchitects.com 
IAB-RP-M03,DEHSAR WORKS (Est?2015)," Dot.architects@hotmail.com Contact: +8801612880595, +8801965370464",Ar. M Shihabul Wares (AW?007) Partner Architect & Ar. Eshita Rahman (AR?143) Partner Architect,3 1 Total 4," House?40, Road?12, Block?Kha, PC Culture Housing Society, Mohammadpur, Dhaka?1207",5, www.mw3.com.bd
IAB-RP-M02,DIAGONAL ARCHITECTS (Est?2014), info@dwg?office.com,Ar. Naheed Farzana (F?010) Managing Partner & Ar. Tanzim Hasan Salim (S?063) Partner Architect,3 2 Total 5," House?56,Road?27,Apt?1 C1, Dhanmond R/A, Dhaka?1209",4.5, www.maatrik.net
IAB-RP-M01,DOT ARCHITECTS (Est?2014)," shawon.dasein@gmail.com Contact: +88 01711937254, +88 02?9125596",Ar. Md Rashidur Rahman (R?134) Principal Architect & Tanzir Choudhury Tuhin Partner,1 2 Total 3," Unit: 1/C/1, House: 56, Road: 27(old), 16 (new), Dhanmondi, Dhaka?1209.",,
IAB-RP-K05,DWG (Est?2008)," Contact: +88 01712921323, +88 02?9885564",Ar. Mamnoon M. Chowdhury (C?031) Architect & Partner & Ar. Mahmudul Anwar Riyaad (R?081) Architect & Partner,Total," 236, Lake Road , New DOHS , Mohkhali , Dhaka ?1206",,http://kalpakarchitects.com/
IAB-RP-K04,DA?SEIN ARCHITECTS (Est?2004), info@dwm4intrends.com Contact: +88 02?222280802,Ar. Mamnoon M. Chowdhury (C?031) Chairman & Ar. Mahmudul Anwar Riyaad (R?081) Director,Total," 236, Lake Road, New DOHS, Mohakhali, Dhaka?1206",,
IAB-RP-K03,DWm4 ARCHITECTS (Est?1995)," esl_arch@yahoo.com Contact: +88?02?9660876, 9660851",Ar. Moid Ul Ahsan (A?028) Managing Director,6 9 Total 15," 86 Laboratory Road, Dhanmondi R/A, Dhaka?1205",5, https://www.facebook.com/K2AHArchitects 
IAB-RP-K02,DWm4 INTRENDS LTD. (Est?2014)," eclipticbd@gmail.com Contact: +88?02?9145364, +8801819244544",Ar. Tanwir Serajuddowla (S?075) Chairman & Principal Architect,3 2 Total 5," 27/D, Monipuripara, Tejgaon, Dhaka?1215",, www.khettraarchitects.com 
IAB-RP-K01,ENVIRON STRUCTURE LTD. (Est?1989)," ehsan@ekarchitects.com.bd, admin@ekarchitects.com.bd Contact: +88?02?9890855",Ar. Md. Ehsan Khan (K?047) Managing Director,10 3 Total 13," 25, Gulshan Avenue, Taj Casilina (5th Floor), 6/E, Gulshan?1, Dhaka?1212",4.5, www.khetro.com 
IAB-RP-J02,H I ARCHITECTS (Est?2019)," qazimarif2012@gmail.com, principal@envision?arch.org Contact: +88?02?58151763",Ar. Qazi Muhammad Arif (A?059) Principal Architect,3 1 Total 4," 6/2, Block?B, 1st Floor, Lalmatia, Dhaka?1207",,
IAB-RP-J01,ECLIPTIC (Est?2009), turjo_96inte@yahoo.com,Ar. A. F. M. Ashek Imran (I?061) Proprietor & Principal Architect,2 12 Total 14," House?25/A, Road?18, Sector?3, Uttara Model Town, Dhaka?1230",4.6, www.jaarchitects.com.bd 
IAB-RP-I08,EHSAN KHAN ARCHITECTS LTD. (Est?2010)," fma_architects@yahoo.com, fmallick74@gmail.com Contact: +8801970112299",Ar. Falguni Mallick (M?046) Principal Architect,2 4 Total 6," Flat?B2, House?29&31, Road?18, Sector?7, Uttara, Dhaka?1230",,
IAB-RP-I07,ENVISION ARCHITECTS (Est?1999)," ashiq.fialka@gmail.com Contact: +88?031?618599, +88?031?2863269",Ar. Ashiq Imran (I?044) Principal Architect,3 2 Total 5," Press Club Building, (2 nd Floor), Jamal Khan Road, Chittagong.",4.8, www.inquestbd.com
IAB-RP-I06,FOURTH DIMENSION (Est?2007), gakhan0306@yahoo.com,Ar. Ghausul Alam Khan (K?027) CEO/Proprietor,1 4 Total 5," 5A, 5 th Floor, House?99, Road?11/A, Dhanmondi R/A, Dhaka?1209",5, www.facebook.com/insightarch
IAB-RP-I05,FALGUNI MALLICK & ASSOCIATES (Est? 2011), info@genesis.archi Contact: +8801812807687,Ar. Noymul Haque Nohon (N?040) CEO,1 4 Total 5," House?F?214/3, Uttar Chaya Bithy, Gazipur Sadar, Gazipur?1700",, www.studioinarch.com.bd 
IAB-RP-I04,FIALKA (Est?1999)," gravity.asbd@gmail.com Contact: +88 01730096986, +88 01676057570",Ar. Md. Nahid Hasan (H?186) Managing Partner & Ar. S M Ruhul Amin (A?221) Partner & Ar. Animesh Provaker Debnath (D?018) Partner,5 1 Total 6," House 268 (4th Floor?Right), Road 19, New DOHS Mohakhali, Dhaka?1206.",,
IAB-RP-I03,GKA & ASSOCIATES (Est?may 2009), md.hasan.imam23@gmail.com Contact: +88 01714110471,Ar. Mohammad Hasan Imam (I?037) Principal Architect,1 0 Total 1," 101, R M Centre (Level?3), CWN (C) 5, Gulshan Avenue, Gulshan, Dhaka?121",,
IAB-RP-I02,GENESIS ARCHITECTS (Est?2017), idea@enstudio.org Contact: +88?02?9144347,Ar. Moushumi Ahmed (A?159) Managing Director,1 3 Total 4," JMC Plaza, Flat?A?6, House?8/A/9, Road?13(New), Dhanmondi, Dhaka?1209",,
IAB-RP-I01,GRAVITY ARCHITECTURE STUDIO (Est?2017)," image_architects@yahoo.com Contact: +8801712573353, +8801681235750",Ar. Md. Emdadul Habib (H?155) Principal Architect,2 3 Total 5," House?10/GA, Road?2, Shyamoli, Dhaka?1207",,
IAB-RP-H01,H I ARCHITECTS (Est?2019), ingrid_dhaka@yahoo.com Contact: +88?02?9880507,Ar. Anwarul Islam Khan (K?083) Partner & A.K.M. Abu Hasan (H?116) Partner & Md. Mahfil Ali (A?076) Partner &  Md. Mushtaque Ahmed Tanvir (A?096) Partner,3 7 Total 10," House#394(3rd floor), Road#29, DOHS Mohakhali , Dhaka 1206",,
IAB-RP-G03,IDEA (Est?2003), suriti@icon?bd.com Contact: +8801819211608,Ar. Suriti Tassannum (T?022) Principal Architect,2 0 Total 2," Icon Elan, House?29, Road?7, 1 st Floor, Dhanmondi, Dhaka?1205",4.7, www.gravityarchitecturestudio.com
IAB-RP-G02,IMAGE ARCHITECTS (Est?2010), studio.inarch@gmail.com,Ar. Mohammad Mamunur Rasheed (R?089) Managing Director & Principal Architect,2 1 Total 3," House?140, 3rd Floor, Road?04, New DOHS, Mohakhali, Dhaka?1206",5, www.genesis.archi
IAB-RP-G01,INGRID ARCHITECTS (Est?1996), insightarcdhaka@gmail.com Contact: +8801711577032,Ar. Masud Ur Rashid (R?104) Principal Architect,6 1 Total 7," House?122, Road?01, Mohammadi Housing Society, Mohammadpur, Dhaka?1207",, www.gka?bd.com 
IAB-RP-F03,ICON DESIGN STUDIO (Est?2014)," inquestbd@gmail.com Contact: 02 58153033, +88 01713038759, +88 01717602792",Ar. Selim Altaf Biplob (B?025) Sr. Partner & Ar. Tamanna Sayeed (S?061) Sr. Partner & Ar. Khalid Bin Kabir (K?129) Partner,7 1 Total 8," House?5/12, Ground Floor, Block?D, Lalmatia, Dhaka?1209",,
IAB-RP-F02,INARCH STUDIO AND CONSTRUCTION LIMITED (Est?2010), contact.ideal.consultants@gmail.com Contact: +88 01912085801,Ar. Syed Abdul Halim (H?233) Managing Director,03 Total 03," Flat?C5, Mother’s Dream Apartments, 1/2, 1/3 Darussalam, Dhaka?1216",,
IAB-RP-F01,INSIGHT ARCHITECTS (Est?2010), mail@jaarchitects.com.bd,Ar. Afroza Ahmed (A?087) Chairperson & Ar. Jalal Ahmed (A?036) Managing Director & Ar. Md. Ismail Ibrahim (I?057) Director & Ar. Md. Atiqul Haq (H?073) Director,13 3 Total 16," Apt: C1, 1st Floor, Rabbee House, CEN(B)11, Road 99,Gulshan 2, Dhaka?1212",5, www.fourthdimensionbd.com 
IAB-RP-E04,IN QUEST DESIGN STUDIO (Est?2017)," consultant.jm878@gmail.com, mrinmoyadhakary@yahoo.com Contact: +8801712621792, +8801942909110",Ar. Mrinmoy Adhikary (A?121) Sr. Architect,1 2 Total 3," 937, Flat?G5, Eidgha Road, Ibrahimpur, Kafrul, Cantonment, Dhaka",, www.envision?arch.org
IAB-RP-E03,"INTEGRATED DESIGNERS, ENGINEERS AND ARCHITECTS LIMITED (Est?2020)", info@khetro.com,Ar. Al Numan Md. Yunus(Y?008) Managing Partner & Ar. Dhrubajyoti Das (D?014) Partner & Md. Shumsuddin Ahmed Bhuiyan (B?041) Partner & Md. Hasan Al Emtiaz Zafree (CZ?011) Partner,4 5 Total 9," Flat ?1, House?431,Road?30,New DOHS,Mohakhali, Dhaka?1206",,
IAB-RP-E02,J.A.ARCHITECTS LTD. (Est?2005), khettra@gmail.com,Ar. Mainul Quader Tito (T?006) CEO,1 6 Total 7," H#72,Ground Floor,R#8/A, Dhanmondi,Dhaka?1209",4.8,
IAB-RP-E01,J.M. CONSULTANT (Est?2009), k2ah.architects@gmail.com,Ar. Ahsanul Haque Rubel (R?153) Managing Partner & Ar. Kawsary Perveen (P?011) Managing Partner,3 3 Total 6," House?91, 1 st Floor, Road?9/A, Dhanmondi, Dhaka?1209",,
IAB-RP-D13,KHETRO (Est?2007), khettra2000@gmail.com Contact: +88?02?8835831,Ar. A.K.M Lutful Kabir (K?065) Managing Director,4 2 Total 6," House?337, Ground Floor, Road?23, New DOHS, Mohakhali, Dhaka?1206",, www.dwm4intrends.com
IAB-RP-D12,KHETTRA ARCHITECTS (Est?2005), kkalpon@gmail.com Contact: +88 01711899081,Ar. Kazi Touhidul Islam (I?041) Partner & Ar. Hasina Shams (S?097) Partner,2 0 Total 2," 13?B, Rupsha Tower, 07, Kemal Ataturk Avenue, Banani, Dhaka",4, www.dwm4.com
IAB-RP-D11,K2AH+ ARCHITECTS (Est?2014), archmiraz@yahoo.com Contact: +8801191557292,Ar. Muhammed Miraz Ur Rahman (R?087) Principal Architect,1 7 Total 8," House?B?181, (3rd Floor), Road?23, New DOHS, Mohakhali, Dhaka?1206",5, www.dasein?bd.com
IAB-RP-D10,KHETTRA ARCHITECTS & ENGINEERS LIMITED (Est?2000)," maatrikmail@gmail.com Contact: +8801723563209, +8801673545909",Ar. Md. Aminul Islam (I?051) CEO,1 3 Total 4," 137/A/1, Jahanara Garden, Green Road, Dhaka?1205",4.9, www.dwg?office.com 
IAB-RP-D09,KALPAK ARCHITECTS (Est?2019)," mahtab@mw3.com.bd, mw3designpartners@gmail.com Contact: +88?02?9840957",Ar. Mahtab Hussain Siddique (S?101) President & Principal Architect,10 0 Total 10," House?24 (7th Floor), Road?14, Block?G, Niketon, Gulshan?1, Dhaka?1212",5,
IAB-RP-D08,MATRIX (Est?2000), nayreet_architects@yahoo.com,Ar. Shaila Joarder (J?013) Managing Partner & Ar. Md. Ruhul Amin (A?196) Partner & Ar. Atiqur Rahman (R?115) Partner,5 18 Total 23," House?14, Road?13/C, Block?E, Banani, Dhaka?1213",5, www.diagonalarchitects?bd.com
IAB-RP-D07,MAATRIK ARCHITECTS (Est?2000), razaoull@gmail.com Contact: +8801912137212,Ar. Mohammed Razaoull Karim (K?132) Proprietor,5 Total 5," House?F5, Ground Floor, Block?E, Jakir Hossain Road, Mohammadpur, Dhaka?1207",4.8, www.dehsarworks.com 
IAB-RP-D06,MW3 DESIGN + PARTNERS (Est?2014)," nakshabid@gmail.com Contact: +88 01819221011, +88 02?9845080",Ar. Bayejid Mahbub Khondker (K?077) Principal Architect,Total," 8, Kemal Ataturk Avenue, ABC House (5th Floor), Banani C/A, Dhaka?1213.",4.8,
IAB-RP-D05,NAYREET ARCHITECTS (Est?2007), olimahmud@gmail.com,Ar. Oli Mahmud (M?059) Managing Director,4 3 Total 7," 170?171,Elephant Road (B?1),Hatirpool ,Dhaka 1205",4.4, www.domusbdarchitects.com 
IAB-RP-D04,NOUVEAU ARCHITECTS. (Est?2009), saumenhazra@yahoo.com,Ar. Saumen Hazra (H?109) Principal Architect,1 4 Total 5," Room?F?5 (3 rd Floor), 113 Lake Circus, Kalabagan, Dhaka?1205",4.2, www.designvision.com.bd 
IAB-RP-D03,NAKSHABID ARCHITECTS (Est?2006)," profileltd@gmail.com, info@profilelimited.com",Ar. Md. Abdus Salam(S?047) Managing Director,21 46 Total 67," House 18, Road 6,Gulshan?1 , Dhaka 1213.",5,
IAB-RP-D02,OLI MAHMUD ARCHITECTS (Est?2008), info@pulbd.com,Ar. Shahidul Hasan Azad (H?045) Managing Director & Ar. Ferdous Ahmed (A?038) Director & Ar. Yeafesh Osman (O?001),3 57 Total 60," House 2/16 (5th & 6 th Fl), Block B, Lalmatia, Dhaka?1207.",4.7,https://designcellbd.com/
IAB-RP-D01,PRACHEE STHAPATI (Est?2008)," pronayon@capcobd.com , shakoor_sohail@yahoo.com",Ar. Sohail M Shakoor (S?021) Principal Architect & CEO,7 23 Total 30," Comm.Court(3 rd Floor), 95 Agrabad C/A, Chittagong",4, www.deshupodesh.com 
IAB-RP-C03,PROFILE LTD (Est?28/8/1996), regional_architects@yahoo.com Contact:,Ar. Jalal Uddin Md. Akbar (A?128) Partner & Ar. Md. Mobinul Alam (A?116) Partner,2 Total 2," House 112, Road?06, Mohakhali, New DOHS, Dhaka?1206",4.7, www.cubeinsidebd.com 
IAB-RP-C02,PROKALPA UPODESHTA LTD (Est?8/11/1984), riddhi.arch@gmail.com Contact: +88?02?8626480,Ar. Abu Hena Md. Zia Uddin (U?005) Proprietor & Managing Partner,6 4 Total 10," 8/44 Eastern Plaza (7th Floor), Sonargaon Road, Dhaka?1205",,
IAB-RP-C01,PRONAYON (Est?1990), rivnat360@gmail.com Contact: +88?02?9127032,Ar. Shakhawat Tanvir Hossain (H?107) Principal Architect,1 2 Total 3," 56, Lake Circus, Kalabagan (2 nd floor), West Panthapath, Dhaka?1205",4.8,
IAB-RP-B07,REGIONAL ARCHITECTS (Est?2013)," rachona@gmail.com Contact: +88?02?9820896, +8801713017973",Ar. Riad Rouf (R?061) Principal Architect,3 2 Total 5," House?44 (2 nd Floor), Road?15, Block?D, Banani, Dhaka?1213",4.2,
IAB-RP-B06,RIDDHI ARCHITECTS (Est?2008), reincarnationbd@yahoo.com,Ar. Khandoker Abdal Hossain (H?133) Principal Architect & Partner,6 5 Total 11," Apt?5, House?3, Road?7, Block?C, Niketon, Gulshan?1, Dhaka?1212",, www.37bridge.net 
IAB-RP-B05,RIVNAT ARCHITECTS (Est?2006)," contact@roofliners.org, roofliners.bd@gmail.com Contact: +8801706602332, +8801815007774",Ar. Sarawat Iqbal (I?091) Architect Partner & Ar. Monon?Bin?Yunus (AY?013) Architect Partner,5 6 Total 11," Flat?C1, House?277, Road?01, Baitul Aman Housing Society, Adabor, Mohammadpur, Dhaka?1207",,
IAB-RP-B04,RACHONA CONSULTANTS (Est?1997)," rosebudcon@gmail.com Contact: +88?02?9334169, +88?02?9354491",Ar. A.K.M. Quamrul Hasan (H?071) Managing Director,1 0 Total 1," 14, Bijoy Nagar, 3rd Floor, Dhaka?1000",, www.bksandassociates.com 
IAB-RP-B03,REINCARNATION (Est?2010), riverandraininfo@gmail.com Contact: +88 01734017695 +88 01746506316,Ar. Kazi Fida Islam (I?060) Principal Architect,Total," H?100B, Road?6A, Banani DOHS, Banani, Dhaka?1206",4.6, www.binyashltd.com 
IAB-RP-B02,ROOFLINERS_STUDIO OF ARCHITECTURE (Est?2012), saiuj_con@yahoo.com Contact: +88?02?8190746,Ar.Mirza Shahper Jalil (J?019) Managing Director & Ar. Hasan Mahmud (H?090) Director & Ar. Umme Farzana Zarif (CZ?001) Director,4 6 Total 10," 539, Baitul Aman Housing Society, Road?12, P.S. Adabor, P.O.?Mohammedpur, Dhaka?1207",,
IAB-RP-B01,ROSEBUD CONSULTANTS LTD (Est?1995), scenicbd@gmail.com Contact: +88?02?9677467,Ar. Mohammad Fazlul Quader (Q?004) CEO,2 3 Total 5," Fattah Plaza (8 th Floor), 70 Green road, Dhaka?1205",, www.basatikalpa.com 
IAB-RP-A36,River & Rain Ltd. (Est?2015), shangbit.architects@gmail.com Contact:,Ar. Tahmina Rumi (R?105) Partner,2 1 Total 3," House?60/A, Road?7/A, Dhanmondi, Dhaka",,
IAB-RP-A35,SAIUJ CONSULTANTS (Est?6/6/2001)," shelterarchitect32@yahoo.com Contact: +88?02?9358428, 8333384",Ar. Mukhtar Ahmed (A?023) Managing Director,6 12 Total 18," 5, Outer Circular Road, Z.R. Tower (2 nd floor), Rajarbag, Dhaka?1217",,
IAB-RP-A34,SCENIC (Est?2008)," silt.bd@gmail.com, silt@silt.com.bd",Ar.Razib Hassan Chowdhury (C?0048) Principal Architect,1 2 Total 3," House?204/A, Road?09, New DOHS, Mohakhali, Dhaka?1206",, archiworksbd.wixsite.com/home
IAB-RP-A33,SHANGBIT (Est?2010), arch_pintoo@yahoo.com Contact: +88?02?8918765,Ar. Rafiul Alam (A?047) Chief Executive,1 2 Total 3," H?78,Road 11, Sector 13,Uttara ,Dhaka 1230",5,
IAB-RP-A32,SHELTER ARCHITECTS AND ENGINEERS LIMITED (Est?1996)," srishtishailee@yahoo.com Contact: +88?02?8711883, 8711884",Ar. Mobin Uddin Mohammed Helaly (H?134) Partner Architect,2 8 Total 10," House?297B, Road?19B, New DOHS, Mohakhali, Dhaka?1206",5,
IAB-RP-A31,SILT (Est?2011), saiful.hafiz@gmail.com Contact:,Ar. Saiful Hafiz (H?055) Principal Architect,2 3 Total 5," 3/3, North Road, (4 th Floor), Dhanmondi?1205",,
IAB-RP-A30,SPACE SCAPE (Est?1996)," studio_xi_architects@yahoo.com Contact: +88?02?8813992, 9889360",Ar. Ashik Vaskor Mannan (M?070) Managing Partner,2 3 Total 5," 211/1,Elephant Road, Dhaka?1205",5, www.architectshorizon.com
IAB-RP-A29,SRISHTI SHAILEE (Est?2008), info@studioecotecture.com,Ar. S. M. Hasan Kabir (K?030) Managing Director,4 6 Total 10," 1 st Floor, H?57/D, Road?15A (New), 26 (old), Dhanmondi Res. Area, Dhaka?1205.",4.6,
IAB-RP-A28,SRISTI UPADESHTA (Est?1995), studiohda@gmail.com Contact: +88?02?9888123,Ar. Mohammad Maksumul Hoque (H?150) Chief Architect,1 5 Total 6," 14/C,(Gr Floor), Road ?02,Block? L, Banani , Dhaka.",5, www.architecturetomorrow.com
IAB-RP-A27,STUDIO XI ARCHITECTS (Est?2003), chairman@stylelivingbd.com,Ar. Md. Mizanur Rahman (R?097) Chairman & Ar. Jabid Akram (A?150) Managing Director,3 9 Total 12," Ramna Trade Center (8th Floor), 36/7 CDA Avenue, Muradpur, Chittagong",4.4, www.ayoteek.com
IAB-RP-A26,STUDIO ECOTECTURE LIMITED (Est?2011), Symbiotic.aa@live.com Contact: +88?02?8991817,Ar.Abul Bashar Md. Shamsuzzaman (S?027) Managing Partner,4 6 Total 10," Ground Floor, House?78, Road?18, Sector?11, Uttara, Dhaka?1230",5, www.arquitecturabd.com 
IAB-RP-A25,STUDIO HDA (Est?2013)," synthesisarchitectsbd@gmail.com, synthesis_arch@yahoo.com",Ar. Patrick D’Rozario (R?135) Partner,12 14 Total 26," House?30, Block?KA, Pisci Culture H/S, Shamoly, Dhaka?1207",,
IAB-RP-A24,STYLE LIVING ARCHITECTS LTD (Est?2004), sabd5200@gmail.com Contact: +8801730303421,Ar. Md. Raisul Rafi Shaon (S?089) CEO & Sr. Architect,2 1 Total 3," 44/7?A,B, 1 st Floor, Suite?03, West Panthapoth, Dhaka",4.8, www.archytasltd.com 
IAB-RP-A23,SYMBIOTIC ARCHITECTS & ASSOCIATES (Est?2011), shatotto@gmail.com,Ar. Md. Rafiq Azam (A?055) Principal Architect,9 5 Total 14," House?1/11, 2nd Floor, Iqbal Road, Mohammadpur, Dhaka?1209",,
IAB-RP-A22,SYNTHESIS ARCHITECTS (Est?1999)," fawad_hyder@yahoo.com  info@spacearcht.com Contact: +88?02?9840245, +8801979873387",Ar. D.S. Fawad Hyder (H?056) Proprietor,2 3 Total 5," House#407 (5?A), Road#29, New DOHS, Mohakhali, Dhaka 1206",4.5,
IAB-RP-A21,S & ASSOCIATES (Est?2009), sthapotik_arch@yahoo.com,Ar. Sharif Uddin Ahammed (A?137) Proprietor,5 2 Total 7," House?8/2, 1 st Floor, Block?D, Lalmatia, Dhaka",,
IAB-RP-A20,SHATOTTO ARCHITECTURE FOR GREEN LIVING (Est?1995), studio.dhaka.architects@gmail.com,Ar. Tarek Md. Saidul Islam (I?081) Principal Architect,2 1 Total 3," 44, Rabindra Sharani Road, Sector?7, Uttara Model Town, Dhaka?1230",5,
IAB-RP-A19,"SPACE ARCHITECTS, ENGINEERS, PLANNERS (Est?2011)", studiodhakaltd@gmail.com,Ar. Muhammad Moniruzzaman (M?086) Managing Director,4 7 Total 11," House?91/1, Road?11/A, Dhanmondi R/A, Dhaka?1205",, www.archpmc.com 
IAB-RP-A18,STHAPOTIK (Est?2006), nirjhar@systemarchitectsbd.com,Ar. Enamul Karim (K?058) Principal Architect & CEO,4 9 Total 13," House?31, [Celeste], Unit?A2, Road?20, Block?K, Banani, Dhaka?1213",,
IAB-RP-A17,STUDIO DHAKA ARCHITECTS (Est?2017), info@silverbricksbd.com Contact: +88?01714084433,Ar. Mohammad Asaduzzaman Chowdhury (C?040) Managing Partner & Ar. Aniket Chowdhury (C?066) Partner,3 4 Total 7," 3 rd Floor, IEB Bhaban, S.S Khaled Road, Chattogram",, http://aligngroupbd.com/webmail 
IAB-RP-A16,STUDIO DHAKA LIMITED. (Est?2016), design@studiomorphogenesis.com Contact: +88 01723819678 +88 02 9858862,Ar. Shahla Karim Kabir (K?050) & Ar. Minhaz Bin Gaffar (G?009),Total," Suite?2D, House?11, Road?14, Gulshan?1, Dhaka?1212",4,
IAB-RP-A15,SYSTEM ARCHITECTS (Est?2001), malikshaheen@yahoo.com Contact: +88?02?9850798,Ar. Shaheen Malik (M?009) CEO,1 4 Total 5," House?431, Road?30, DOHS, Mohakhali, Dhaka?1206",,
IAB-RP-A14,SILVERBRICKS (Est?2008), shakoormajid@yahoo.com Contact: +88?02?8812109?10,Ar. Shakoor Majid (M?031) CEO,2 5 Total 7," House 120(B),Road#1,Block#F, Banani , Dhaka?1213",, www.artisanbd.com 
IAB-RP-A13,STUDIO MORPHOGENESIS LTD. (Est?2014), mail@tknrk.com,Ar. Nurur Rahman Khan (K?049) Architect Partner & Ar. Tanya Tazeen Karim (K?051) Architect Partner,14 12 Total 26," Laboni?2, Flat?B1 & C1, House?24, Road?9/A, Dhanmond R/A, Dhaka?1209",4.6,https://3pointsconsultant.com/
IAB-RP-A12,THE DESIGNERS (Est?2001), tarique.37@gmail.com,Ar. Tarique Hasan (H?097) Managing Director,5 0 Total 5," House?31, Road?06, Block?C, Banani, Dhaka?1213",, www.archsel.com 
IAB-RP-A11,TRIANGLE CONSULTANTS (Est?1993)," info@triotect.com.bd Contact: +8801777768366, +8801777768367",Ar. Md. Tareq Abdullah (A?236) Director & Ar. Khondoker Arif Uzzaman (AU?019) Managing Director,5 2 Total 7," 25/2, Rani Garh (2nd Floor), Lake Circus, Kalabagan, Dhaka?1205",,http://archiworksbd.wixsite.com/home
IAB-RP-A10,TANYA KARIM N.R. KHAN & ASSOCIATES (Est?1993)," mail.awpl@yahoo.com Contact: +88?02?9849303, +88?02?9849317",Ar. Md. Maruf Hossain Khan (K?073) Principal Architect,3 9 Total 12," House?211, (2 nd & 3rd), Lane?13, Lake Road, New DOHS, Mohakhali, Dhaka?1206",,
IAB-RP-A09,TARIQUE HASAN & ASSOCIATES LTD. (Est? 2013)," urbana.communications@gmail.com Contact: +88?02?9671500, +88?02?9671515",Ar. Mahboob?E?Sobhan Chowdhury (C?025) Principal Architect,6 4 Total 10," House?56, Road?5/A, Dhanmondi, Dhaka?1209",5,
IAB-RP-A08,TRIOTECT & ASSOCIATES LTD. (Est?2018), vita_arc@yahoo.com Contact: +88?01678016706,Ar. Amit Kumar Saha (S?077) Partner & Ar. Faisal Ishtiaq Alam (A?151) Partner & Ar. Dipozzwal Sen (S?090) Partner,3 2 Total 5," Amelia, Suite:A6, House?71, Road?17, Sector?11, Uttara, Dhaka?1230",5,
IAB-RP-A07,UNITED CONSULTANT (Est?2003)," architects.venna@gmail.com, architect.asif@gmail.com Contact: +88?02? 8625835",Ar.Asif Mohammed Ahsanul Haq (H?117) Managing Partner & Ar. Arifa Akhter (A?120) Partner,3 6 Total 9," Level?05, A K Complex, 19?Green Road, Dhaka?1205",4.8, www.archeground.com 
IAB-RP-A06,URBANA (Est?1996)," info@delvistaa.com Contact: +88?02?55044873, +88?02?55044874, +88?02?55044875",Ar. Khan Mohammed Mustapha Khalid (K?037) Managing Director & Ar. Shahzia Islam (I?023) Director,15 4 Total 19," Delvistaa Ruparup, Apt?D1 & B1, SE(H)6, Road?143, Gulshan Model Town, Gulshan, Dhaka?1212.",,https://archdoers.com
IAB-RP-A05,VASTUVITA ARCHITECTS (Est?2005), foyez@volumezeroltd.com,Ar. Mohammad Foyez Ullah (U?008) Managing Director,23 04 Total 27," House?135, Road?04, Block?A, Banani , Dhaka 1213.",5, 
IAB-RP-A04,VENNA ARCHITECTS (Est?2002)," info@vuumaatra.com , ziaul.sharif@gmail.com , Contact: +88?02?58812326, 8801796585535",Ar. Mohammed Ziaul Sharif (S?094) Chief Architect,3 1 Total 4," House ?22, Road ?12, Block?F, Niketon Socoety, Gulshan?1, Dhaka 1206.",5,
IAB-RP-A03,VISTAARA ARCHITECTS (PVT.) LTD (Est?1998)," dsarif14@yahoo.com, dsarifoffice@gmail.com Contact: +88?01971566019",Ar. Dewan Shamsul Arif (A?079) Proprietor & Principal Architect,5 0 Total 5," House?67/2/KA, Flat?E/2, Zigatola, Dhaka?1209",, www.akritybd.com 
IAB-RP-A02,VOLUMEZERO LIMITED (Est?2008), vittibd@gmail.com Contact: +88 01912888015 +88 02?8143471,Ar. Md. Ishtiaque Zahir (Z?011) Director & Ar. Md. Iqbal Habib (H?075) Managing Director,Total," 27/A, Level?6&7, Shangshad Avenue, Dhaka?1215",,
IAB-RP-A01,VUU?MAATRA CONSULTANTS (Est?2008), wahidasif@gmaii.com Contact: +88 01711433431 +88 02?9890003,Ar. M. Wahid Asif (A?117) Principal Architect,Total," House?246, Road?19, New DOHS, Mohakhali, Dhaka?1206",3.8, www.abashan.com 
,,,,,,,
